,make,fuel-type,aspiration,num-of-doors,body-style,drive-wheels,engine-location,wheel-base,length,width,height,curb-weight,num-of-cylinders,horsepower,peak-rpm,city-mpg,highway-mpg,price_BOX,make_oe,Fuel_le,aspiration_le,body_style_convertible,body_style_hardtop,body_style_hatchback,body_style_sedan,body_style_wagon,drive-wheels_4wd,drive-wheels_fwd,drive-wheels_rwd,engine-location_front,engine-location_rear
0,alfa-romero,gas,std,2.0,convertible,rwd,front,-1.0632911392405062,-0.2634730538922143,-0.51851851851852,-1.5142857142857156,0.1727092946605141,4,0.3478260869565217,-0.2857142857142857,-0.2727272727272727,-0.3333333333333333,1.6110613967890264,13,1,0,1,0,0,0,0,0,0,1,1,0
1,alfa-romero,gas,std,2.0,convertible,rwd,front,-1.0632911392405062,-0.2634730538922143,-0.51851851851852,-1.5142857142857156,0.1727092946605141,4,0.3478260869565217,-0.2857142857142857,-0.2727272727272727,-0.3333333333333333,1.6115862356379056,13,1,0,1,0,0,0,0,0,0,1,1,0
2,alfa-romero,gas,std,2.0,hatchback,rwd,front,-0.3164556962025314,-0.1197604790419162,0.0,-0.4857142857142865,0.5352669742913645,6,1.2826086956521738,-0.2857142857142857,-0.4545454545454545,-0.4444444444444444,1.6115862356379056,13,1,0,0,0,1,0,0,0,0,1,1,0
3,audi,gas,std,4.0,sedan,fwd,front,0.3544303797468348,0.2035928143712579,0.25925925925926,0.0571428571428559,-0.1054713249835201,4,0.1521739130434782,0.4285714285714285,0.0,0.0,1.6111525247114782,16,1,0,0,0,0,1,0,0,1,0,1,0
4,audi,gas,std,4.0,sedan,4wd,front,0.3037974683544309,0.2035928143712579,0.3333333333333351,0.0571428571428559,0.5365853658536586,5,0.4347826086956521,0.4285714285714285,-0.5454545454545454,-0.8888888888888888,1.6117211205691009,16,1,0,0,0,0,1,0,1,0,0,1,0
5,audi,gas,std,2.0,sedan,fwd,front,0.3544303797468348,0.2455089820359296,0.2962962962962949,-0.2857142857142857,0.1186552406064601,5,0.3260869565217391,0.4285714285714285,-0.4545454545454545,-0.5555555555555556,1.61138831477085,16,1,0,0,0,0,1,0,0,1,0,1,0
6,audi,gas,std,4.0,sedan,fwd,front,1.1139240506329102,1.1676646706586835,2.185185185185185,0.4571428571428576,0.5629531970995386,5,0.3260869565217391,0.4285714285714285,-0.4545454545454545,-0.5555555555555556,1.611755983690224,16,1,0,0,0,0,1,0,0,1,0,1,0
7,audi,gas,std,4.0,wagon,fwd,front,1.1139240506329102,1.1676646706586835,2.185185185185185,0.4571428571428576,0.7079762689518787,5,0.3260869565217391,0.4285714285714285,-0.4545454545454545,-0.5555555555555556,1.611907932735389,16,1,0,0,0,0,0,1,0,1,0,1,0
8,audi,gas,turbo,4.0,sedan,fwd,front,1.1139240506329102,1.1676646706586835,2.185185185185185,0.5142857142857135,0.8820039551746869,5,0.9782608695652174,0.4285714285714285,-0.6363636363636364,-1.1111111111111112,1.6123958993557963,16,1,1,0,0,0,1,0,0,1,0,1,0
9,bmw,gas,std,2.0,sedan,rwd,front,0.5316455696202531,0.2155688622754506,-0.25925925925926,0.0571428571428559,-0.029004614370468,4,0.1304347826086956,0.8571428571428571,-0.0909090909090909,-0.1111111111111111,1.6115757993212034,18,1,0,0,0,0,1,0,0,0,1,1,0
10,bmw,gas,std,4.0,sedan,rwd,front,0.5316455696202531,0.2155688622754506,-0.25925925925926,0.0571428571428559,-0.029004614370468,4,0.1304347826086956,0.8571428571428571,-0.0909090909090909,-0.1111111111111111,1.6116480936357658,18,1,0,0,0,0,1,0,0,0,1,1,0
11,bmw,gas,std,2.0,sedan,rwd,front,0.5316455696202531,0.2155688622754506,-0.25925925925926,0.0571428571428559,0.3862887277521424,6,0.5652173913043478,-1.3571428571428572,-0.2727272727272727,-0.2222222222222222,1.6121324225455085,18,1,0,0,0,0,1,0,0,0,1,1,0
12,bmw,gas,std,4.0,sedan,rwd,front,0.5316455696202531,0.2155688622754506,-0.25925925925926,0.0571428571428559,0.4588002636783124,6,0.5652173913043478,-1.3571428571428572,-0.2727272727272727,-0.2222222222222222,1.6121459579815751,18,1,0,0,0,0,1,0,0,0,1,1,0
13,bmw,gas,std,4.0,sedan,rwd,front,0.8227848101265817,0.9461077844311392,0.51851851851852,0.4571428571428576,0.8411338167435728,6,0.5652173913043478,-1.3571428571428572,-0.3636363636363636,-0.5555555555555556,1.612450979763548,18,1,0,0,0,0,1,0,0,0,1,1,0
14,bmw,gas,std,4.0,sedan,rwd,front,0.8227848101265817,0.9461077844311392,0.51851851851852,0.4571428571428576,1.071852340145023,6,1.891304347826087,0.2857142857142857,-0.7272727272727273,-0.8888888888888888,1.6128532845784789,18,1,0,0,0,0,1,0,0,0,1,1,0
15,bmw,gas,std,2.0,sedan,rwd,front,0.8227848101265817,1.2335329341317387,0.8888888888888901,-0.1142857142857138,1.2696110744891234,6,1.891304347826087,0.2857142857142857,-0.7272727272727273,-0.8888888888888888,1.6133028467045545,18,1,0,0,0,0,1,0,0,0,1,1,0
16,bmw,gas,std,4.0,sedan,rwd,front,1.6455696202531631,1.425149700598804,2.0,0.6285714285714273,1.4344100197758731,6,1.891304347826087,0.2857142857142857,-0.8181818181818182,-1.1111111111111112,1.6131394437319606,18,1,0,0,0,0,1,0,0,0,1,1,0
17,chevrolet,gas,std,2.0,hatchback,fwd,front,-1.0886075949367071,-1.9221556886227555,-1.925925925925925,-0.2571428571428567,-1.2247857613711273,3,-1.0217391304347827,-0.1428571428571428,2.090909090909091,2.555555555555556,1.6074051573953156,0,1,0,0,0,1,0,0,0,1,0,1,0
18,chevrolet,gas,std,2.0,hatchback,fwd,front,-0.3164556962025314,-1.0359281437125745,-0.7037037037037024,-0.6000000000000004,-0.7158866183256427,4,-0.5434782608695652,0.2857142857142857,1.2727272727272727,1.4444444444444444,1.608355693299366,0,1,0,0,0,1,0,0,0,1,0,1,0
19,chevrolet,gas,std,4.0,sedan,fwd,front,-0.3164556962025314,-0.8622754491017957,-0.7037037037037024,-0.6000000000000004,-0.6697429136453527,4,-0.5434782608695652,0.2857142857142857,1.2727272727272727,1.4444444444444444,1.6085468187711605,0,1,0,0,0,0,1,0,0,1,0,1,0
20,dodge,gas,std,2.0,hatchback,fwd,front,-0.4177215189873411,-0.9520958083832328,-0.62962962962963,-0.942857142857144,-0.7132498352010547,4,-0.5869565217391305,0.4285714285714285,1.181818181818182,1.2222222222222223,1.6077916090663136,2,1,0,0,0,1,0,0,0,1,0,1,0
21,dodge,gas,std,2.0,hatchback,fwd,front,-0.4177215189873411,-0.9520958083832328,-0.62962962962963,-0.942857142857144,-0.7132498352010547,4,-0.5869565217391305,0.4285714285714285,0.6363636363636364,0.8888888888888888,1.6084130710067304,2,1,0,0,0,1,0,0,0,1,0,1,0
22,dodge,gas,turbo,2.0,hatchback,fwd,front,-0.4177215189873411,-0.9520958083832328,-0.62962962962963,-0.942857142857144,-0.3810151615029664,4,0.1521739130434782,0.4285714285714285,0.0,0.0,1.609326495920713,2,1,1,0,0,1,0,0,0,1,0,1,0
23,dodge,gas,std,4.0,hatchback,fwd,front,-0.4177215189873411,-0.9520958083832328,-0.62962962962963,-1.0,-0.5932762030323006,4,-0.5869565217391305,0.4285714285714285,0.6363636363636364,0.8888888888888888,1.608308624926995,2,1,0,0,0,1,0,0,0,1,0,1,0
24,dodge,gas,std,4.0,sedan,fwd,front,-0.4177215189873411,-0.9520958083832328,-0.62962962962963,-1.0,-0.5642715886618326,4,-0.5869565217391305,0.4285714285714285,0.6363636363636364,0.8888888888888888,1.6086228275545134,2,1,0,0,0,0,1,0,0,1,0,1,0
25,dodge,gas,std,4.0,sedan,fwd,front,-0.4177215189873411,-0.9520958083832328,-0.62962962962963,-1.0,-0.5642715886618326,4,-0.5869565217391305,0.4285714285714285,0.6363636363636364,0.8888888888888888,1.609151904789938,2,1,0,0,0,0,1,0,0,1,0,1,0
26,dodge,gas,turbo,4.0,sedan,fwd,front,-0.4177215189873411,-0.9520958083832328,-0.62962962962963,-1.0,-0.2979564930784443,4,0.1521739130434782,0.4285714285714285,0.0,0.0,1.609600628238474,2,1,1,0,0,0,1,0,0,1,0,1,0
27,dodge,gas,std,4.0,wagon,fwd,front,0.7974683544303788,0.0838323353293417,-0.3333333333333351,1.6285714285714274,0.1555702043506921,4,-0.1521739130434782,-0.2857142857142857,0.0,0.0,1.6097515769858337,2,1,0,0,0,0,0,1,0,1,0,1,0
28,dodge,gas,turbo,2.0,hatchback,fwd,front,-0.1392405063291131,0.0,0.2962962962962949,-1.114285714285714,0.5194462755438365,4,1.0869565217391304,-0.2857142857142857,-0.4545454545454545,-0.6666666666666666,1.6109485473949616,2,1,1,0,0,1,0,0,0,1,0,1,0
29,honda,gas,std,2.0,hatchback,fwd,front,-1.3164556962025311,-1.712574850299402,-0.5925925925925924,-0.942857142857144,-0.9281476598549768,4,-0.8043478260869565,-0.5714285714285714,2.272727272727273,2.6666666666666665,1.6084827978489964,1,1,0,0,0,1,0,0,0,1,0,1,0
30,honda,gas,std,2.0,hatchback,fwd,front,-1.3164556962025311,-1.712574850299402,-0.5925925925925924,-0.942857142857144,-0.7883981542518128,4,-0.4130434782608695,1.1428571428571428,0.6363636363636364,0.8888888888888888,1.6087252042814055,1,1,0,0,0,1,0,0,0,1,0,1,0
31,honda,gas,std,2.0,hatchback,fwd,front,-0.4177215189873411,-1.3892215568862278,-0.555555555555555,-0.4285714285714285,-0.7646671061305208,4,-0.7608695652173914,0.4285714285714285,1.2727272727272727,1.3333333333333333,1.607638716734789,1,1,0,0,0,1,0,0,0,1,0,1,0
32,honda,gas,std,2.0,hatchback,fwd,front,-0.4177215189873411,-1.3892215568862278,-0.555555555555555,-0.4285714285714285,-0.6288727752142387,4,-0.4130434782608695,1.1428571428571428,0.5454545454545454,0.4444444444444444,1.6085163322587746,1,1,0,0,0,1,0,0,0,1,0,1,0
33,honda,gas,std,2.0,hatchback,fwd,front,-0.4177215189873411,-1.3892215568862278,-0.555555555555555,-0.4285714285714285,-0.6077785102175346,4,-0.4130434782608695,1.1428571428571428,0.5454545454545454,0.4444444444444444,1.6088887030857009,1,1,0,0,0,1,0,0,0,1,0,1,0
34,honda,gas,std,4.0,sedan,fwd,front,-0.0632911392405062,-0.5868263473053886,-0.555555555555555,0.1142857142857138,-0.5365853658536586,4,-0.4130434782608695,1.1428571428571428,0.5454545454545454,0.4444444444444444,1.608982894776958,1,1,0,0,0,0,1,0,0,1,0,1,0
35,honda,gas,std,4.0,wagon,fwd,front,-0.0632911392405062,-0.9640718562874254,-0.5925925925925924,1.1999999999999988,-0.5181278839815425,4,-0.4130434782608695,1.1428571428571428,0.5454545454545454,0.4444444444444444,1.608982894776958,1,1,0,0,0,0,0,1,0,1,0,1,0
36,honda,gas,std,2.0,hatchback,fwd,front,-0.0632911392405062,-0.3413173652694606,-0.1111111111111099,-0.2285714285714297,-0.2386288727752142,4,-0.1956521739130435,0.8571428571428571,0.2727272727272727,0.3333333333333333,1.609296304433506,1,1,0,0,0,1,0,0,0,1,0,1,0
37,honda,gas,std,2.0,hatchback,fwd,front,-0.0632911392405062,-0.3413173652694606,-0.1111111111111099,-0.2285714285714297,-0.1687541199736321,4,-0.1956521739130435,0.8571428571428571,0.2727272727272727,0.3333333333333333,1.6098204568052974,1,1,0,0,0,1,0,0,0,1,0,1,0
38,honda,gas,std,4.0,sedan,fwd,front,-0.0632911392405062,0.1317365269461089,-0.1111111111111099,0.0,-0.1489782465392221,4,-0.1956521739130435,0.8571428571428571,0.2727272727272727,0.3333333333333333,1.609720804789594,1,1,0,0,0,0,1,0,0,1,0,1,0
39,honda,gas,std,4.0,sedan,fwd,front,-0.0632911392405062,0.1317365269461089,-1.11111111111111,0.0,-0.05932762030323,4,-0.1956521739130435,0.8571428571428571,0.2727272727272727,0.3333333333333333,1.6102433161430407,1,1,0,0,0,0,1,0,0,1,0,1,0
40,honda,gas,std,4.0,sedan,fwd,front,-0.0632911392405062,0.1317365269461089,-0.1111111111111099,0.0,0.063282794990112,4,0.1304347826086956,0.8571428571428571,0.0,-0.2222222222222222,1.610944370971915,1,1,0,0,0,0,1,0,0,1,0,1,0
41,honda,gas,std,2.0,sedan,fwd,front,-0.0632911392405062,-0.2455089820359279,0.1851851851851849,-0.8857142857142861,-0.1634805537244561,4,0.108695652173913,0.4285714285714285,0.0909090909090909,0.1111111111111111,1.6102591973205254,1,1,0,0,0,0,1,0,0,1,0,1,0
42,isuzu,gas,std,4.0,sedan,rwd,front,-0.3417721518987343,-0.1497005988023953,-1.37037037037037,-0.1714285714285718,-0.1054713249835201,4,-0.3695652173913043,-0.5714285714285714,0.0,-0.1111111111111111,1.6086817267447038,7,1,0,0,0,0,1,0,0,0,1,1,0
43,isuzu,gas,std,2.0,hatchback,rwd,front,-0.1265822784810125,-0.0359281437125745,-0.1111111111111099,-0.7714285714285722,0.4179301252471984,4,-0.108695652173913,-0.2857142857142857,0.0,-0.1111111111111111,1.61047006167028,7,1,0,0,0,1,0,0,0,0,1,1,0
44,jaguar,gas,std,4.0,sedan,rwd,front,2.025316455696201,1.5808383233532948,1.5185185185185148,-0.3714285714285726,2.174027686222808,6,1.7608695652173914,-0.6428571428571429,-0.8181818181818182,-1.2222222222222223,1.612931007105997,21,1,0,0,0,0,1,0,0,0,1,1,0
45,jaguar,gas,std,4.0,sedan,rwd,front,2.025316455696201,1.5808383233532948,1.5185185185185148,-0.3714285714285726,2.174027686222808,6,1.7608695652173914,-0.6428571428571429,-0.8181818181818182,-1.2222222222222223,1.6130840856640374,21,1,0,0,0,0,1,0,0,0,1,1,0
46,jaguar,gas,std,2.0,sedan,rwd,front,0.6329113924050629,1.1077844311377254,1.8888888888888848,-1.8000000000000012,2.021094264996704,12,3.630434782608696,-0.2857142857142857,-1.0,-1.4444444444444444,1.61310318619245,21,1,0,0,0,0,1,0,0,0,1,1,0
47,mazda,gas,std,2.0,hatchback,fwd,front,-0.4936708860759497,-0.8443113772455092,-0.4814814814814799,0.0,-0.6947923533289387,4,-0.5869565217391305,-0.2857142857142857,0.5454545454545454,0.1111111111111111,1.6074479100532846,11,1,0,0,0,1,0,0,0,1,0,1,0
48,mazda,gas,std,2.0,hatchback,fwd,front,-0.4936708860759497,-0.8443113772455092,-0.4814814814814799,0.0,-0.6816084377059987,4,-0.5869565217391305,-0.2857142857142857,0.6363636363636364,0.8888888888888888,1.6082105322173474,11,1,0,0,0,1,0,0,0,1,0,1,0
49,mazda,gas,std,2.0,hatchback,fwd,front,-0.4936708860759497,-0.8443113772455092,-0.4814814814814799,0.0,-0.6750164798945286,4,-0.5869565217391305,-0.2857142857142857,0.6363636363636364,0.8888888888888888,1.6086879821965283,11,1,0,0,0,1,0,0,0,1,0,1,0
50,mazda,gas,std,4.0,sedan,fwd,front,-0.4936708860759497,-0.3832335329341306,-0.4814814814814799,0.0,-0.6222808174027686,4,-0.5869565217391305,-0.2857142857142857,0.6363636363636364,0.8888888888888888,1.6086247481867826,11,1,0,0,0,0,1,0,0,1,0,1,0
51,mazda,gas,std,4.0,sedan,fwd,front,-0.4936708860759497,-0.3832335329341306,-0.4814814814814799,0.0,-0.6156888595912986,4,-0.5869565217391305,-0.2857142857142857,0.6363636363636364,0.8888888888888888,1.6090379793104592,11,1,0,0,0,0,1,0,0,1,0,1,0
52,mazda,gas,std,2.0,hatchback,rwd,front,-0.2151898734177217,-0.2514970059880234,0.074074074074075,-1.2857142857142858,-0.048780487804878,2,0.1304347826086956,1.1428571428571428,-0.6363636363636364,-0.7777777777777778,1.6104405419879175,11,1,0,0,0,1,0,0,0,0,1,1,0
53,mazda,gas,std,2.0,hatchback,rwd,front,-0.2151898734177217,-0.2514970059880234,0.074074074074075,-1.2857142857142858,-0.048780487804878,2,0.1304347826086956,1.1428571428571428,-0.6363636363636364,-0.7777777777777778,1.610684300592902,11,1,0,0,0,1,0,0,0,0,1,1,0
54,mazda,gas,std,2.0,hatchback,rwd,front,-0.2151898734177217,-0.2514970059880234,0.074074074074075,-1.2857142857142858,-0.042188529993408,2,0.1304347826086956,1.1428571428571428,-0.6363636363636364,-0.7777777777777778,1.611091982171268,11,1,0,0,0,1,0,0,0,0,1,1,0
55,mazda,gas,std,2.0,hatchback,rwd,front,-0.2151898734177217,-0.2514970059880234,0.074074074074075,-1.2857142857142858,0.1094264996704021,2,0.8695652173913043,1.1428571428571428,-0.7272727272727273,-0.7777777777777778,1.6114536198116214,11,1,0,0,0,1,0,0,0,0,1,1,0
56,mazda,gas,std,2.0,hatchback,fwd,front,0.2278481012658222,0.2754491017964087,0.3703703703703699,-0.1142857142857138,-0.042188529993408,4,-0.2391304347826087,-0.5714285714285714,0.1818181818181818,0.2222222222222222,1.609720804789594,11,1,0,0,0,1,0,0,0,1,0,1,0
57,mazda,gas,std,4.0,sedan,fwd,front,0.2278481012658222,0.2754491017964087,0.3703703703703699,0.3999999999999996,-0.009228740936058,4,-0.2391304347826087,-0.5714285714285714,0.1818181818181818,0.2222222222222222,1.6095733708691933,11,1,0,0,0,0,1,0,0,1,0,1,0
58,mazda,gas,std,2.0,hatchback,fwd,front,0.2278481012658222,0.2754491017964087,0.3703703703703699,-0.1142857142857138,-0.042188529993408,4,-0.2391304347826087,-0.5714285714285714,0.1818181818181818,0.2222222222222222,1.6103367770917745,11,1,0,0,0,1,0,0,0,1,0,1,0
59,mazda,gas,std,4.0,sedan,fwd,front,0.2278481012658222,0.2754491017964087,0.3703703703703699,0.3999999999999996,-0.009228740936058,4,-0.2391304347826087,-0.5714285714285714,0.1818181818181818,0.2222222222222222,1.6102273095992166,11,1,0,0,0,0,1,0,0,1,0,1,0
60,mazda,diesel,std,4.0,sedan,fwd,front,0.2278481012658222,0.2754491017964087,0.3703703703703699,0.3999999999999996,0.034278180619644,4,-0.6739130434782609,-0.7857142857142857,1.0909090909090908,1.3333333333333333,1.6103967384801725,11,0,0,0,0,0,1,0,0,1,0,1,0
61,mazda,gas,std,4.0,hatchback,fwd,front,0.2278481012658222,0.2754491017964087,0.3703703703703699,0.3999999999999996,0.010547132498352,4,-0.2391304347826087,-0.5714285714285714,0.1818181818181818,0.2222222222222222,1.610525298880873,11,1,0,0,0,1,0,0,0,1,0,1,0
62,mazda,gas,std,4.0,sedan,rwd,front,1.0,0.1077844311377253,0.2222222222222198,0.0857142857142849,0.3335530652603823,4,0.5434782608695652,-0.2857142857142857,-0.4545454545454545,-0.3333333333333333,1.6118295913201215,11,1,0,0,0,0,1,0,0,0,1,1,0
63,mazda,diesel,std,4.0,sedan,rwd,front,1.0,0.1077844311377253,0.2222222222222198,0.0857142857142849,0.3731048121292024,4,-0.5,-1.4285714285714286,0.6363636363636364,1.0,1.6118376242435442,11,0,0,0,0,0,1,0,0,0,1,1,0
64,mercedes-benz,diesel,turbo,4.0,sedan,rwd,front,1.6455696202531631,1.05988023952096,1.7777777777777748,0.6857142857142853,1.4475939353988134,5,0.6086956521739131,-1.2142857142857142,-0.1818181818181818,-0.5555555555555556,1.6125255545249724,19,0,1,0,0,0,1,0,0,0,1,1,0
65,mercedes-benz,diesel,turbo,4.0,wagon,rwd,front,1.6455696202531631,1.05988023952096,1.7777777777777748,1.3142857142857147,1.7574159525379038,5,0.6086956521739131,-1.2142857142857142,-0.1818181818181818,-0.5555555555555556,1.6127074353643895,19,0,1,0,0,0,0,1,0,0,1,1,0
66,mercedes-benz,diesel,turbo,2.0,hardtop,rwd,front,1.2278481012658222,0.8562874251497019,1.7777777777777748,0.2285714285714277,1.4212261041529335,5,0.6086956521739131,-1.2142857142857142,-0.1818181818181818,-0.5555555555555556,1.6127029464096898,19,0,1,0,1,0,0,0,0,0,1,1,0
67,mercedes-benz,diesel,turbo,4.0,sedan,rwd,front,2.354430379746833,1.760479041916169,2.296296296296295,0.6285714285714273,1.7837837837837838,5,0.6086956521739131,-1.2142857142857142,-0.1818181818181818,-0.5555555555555556,1.6128978312086453,19,0,1,0,0,0,1,0,0,0,1,1,0
68,mercedes-benz,gas,std,4.0,sedan,rwd,front,2.354430379746833,1.760479041916169,2.296296296296295,0.6857142857142853,1.7442320369149638,8,1.3043478260869563,-0.6428571428571429,-0.7272727272727273,-1.3333333333333333,1.6130236260616462,19,1,0,0,0,0,1,0,0,0,1,1,0
69,mercedes-benz,gas,std,2.0,convertible,rwd,front,-0.0506329113924057,0.425149700598804,1.8518518518518496,-0.942857142857144,1.6717205009887937,8,1.3043478260869563,-0.6428571428571429,-0.7272727272727273,-1.3333333333333333,1.6130626616394743,19,1,0,1,0,0,0,0,0,0,1,1,0
70,mercedes-benz,gas,std,4.0,sedan,rwd,front,3.025316455696201,2.089820359281439,2.296296296296295,0.7428571428571432,1.955174686882004,8,1.934782608695652,-1.0,-0.9090909090909092,-1.5555555555555556,1.613290828212928,19,1,0,0,0,0,1,0,0,0,1,1,0
71,mercedes-benz,gas,std,2.0,hardtop,rwd,front,1.8987341772151884,1.5568862275449111,2.4074074074074048,0.3714285714285706,1.7112722478576137,8,1.934782608695652,-1.0,-0.9090909090909092,-1.5555555555555556,1.6134300605178922,19,1,0,0,1,0,0,0,0,0,1,1,0
72,mercury,gas,turbo,2.0,hatchback,rwd,front,0.721518987341772,0.3113772455089832,0.9259259259259248,0.1999999999999988,0.6499670402109426,4,1.7391304347826086,-0.2857142857142857,-0.4545454545454545,-0.6666666666666666,1.6115866813065916,14,1,1,0,0,1,0,0,0,0,1,1,0
73,mitsubishi,gas,std,2.0,hatchback,fwd,front,-0.4177215189873411,-0.9520958083832328,-0.4074074074074049,-0.942857142857144,-0.6578773895847067,4,-0.5869565217391305,0.4285714285714285,1.181818181818182,1.2222222222222223,1.6076296366338196,6,1,0,0,0,1,0,0,0,1,0,1,0
74,mitsubishi,gas,std,2.0,hatchback,fwd,front,-0.4177215189873411,-0.9520958083832328,-0.4074074074074049,-0.942857142857144,-0.6235992089650626,4,-0.5869565217391305,0.4285714285714285,0.6363636363636364,0.8888888888888888,1.6082797037325158,6,1,0,0,0,1,0,0,0,1,0,1,0
75,mitsubishi,gas,std,2.0,hatchback,fwd,front,-0.4177215189873411,-0.9520958083832328,-0.4074074074074049,-0.942857142857144,-0.5444957152274226,4,-0.5869565217391305,0.4285714285714285,0.6363636363636364,0.8888888888888888,1.6086080562583742,6,1,0,0,0,1,0,0,0,1,0,1,0
76,mitsubishi,gas,turbo,2.0,hatchback,fwd,front,-0.5063291139240502,-0.9520958083832328,-0.62962962962963,-0.942857142857144,-0.3586025049439683,4,0.1521739130434782,0.4285714285714285,0.0,0.0,1.609193171406991,6,1,1,0,0,1,0,0,0,1,0,1,0
77,mitsubishi,gas,turbo,2.0,hatchback,fwd,front,-0.0886075949367091,-0.0119760479041909,-0.0370370370370348,-1.3428571428571436,-0.061964403427818,4,0.4565217391304347,0.4285714285714285,-0.0909090909090909,0.0,1.6101332614606276,6,1,1,0,0,1,0,0,0,1,0,1,0
78,mitsubishi,gas,std,2.0,hatchback,fwd,front,-0.0886075949367091,-0.0119760479041909,-0.0370370370370348,-1.3428571428571436,-0.1173368490441661,4,-0.1521739130434782,-0.2857142857142857,0.0909090909090909,0.2222222222222222,1.6095751112170775,6,1,0,0,0,1,0,0,0,1,0,1,0
79,mitsubishi,gas,turbo,2.0,hatchback,fwd,front,-0.1392405063291131,0.0,0.2962962962962949,-1.114285714285714,0.5484508899143046,4,1.0869565217391304,-0.2857142857142857,-0.4545454545454545,-0.6666666666666666,1.610873423789612,6,1,1,0,0,1,0,0,0,1,0,1,0
80,mitsubishi,gas,turbo,2.0,hatchback,fwd,front,-0.1392405063291131,0.0,0.2962962962962949,-1.114285714285714,0.6644693473961767,4,1.0869565217391304,-0.2857142857142857,-0.4545454545454545,-0.6666666666666666,1.6113226761398969,6,1,1,0,0,1,0,0,0,1,0,1,0
81,mitsubishi,gas,turbo,2.0,hatchback,fwd,front,-0.1392405063291131,0.0,0.2962962962962949,-1.114285714285714,0.6710613052076466,4,1.0869565217391304,-0.2857142857142857,-0.4545454545454545,-0.6666666666666666,1.6112544400737658,6,1,1,0,0,1,0,0,0,1,0,1,0
82,mitsubishi,gas,std,4.0,sedan,fwd,front,-0.0886075949367091,-0.0479041916167654,-0.0370370370370348,-0.7142857142857143,-0.068556361239288,4,-0.1521739130434782,-0.2857142857142857,0.0909090909090909,0.2222222222222222,1.6088064600878031,6,1,0,0,0,0,1,0,0,1,0,1,0
83,mitsubishi,gas,std,4.0,sedan,fwd,front,-0.0886075949367091,-0.0479041916167654,-0.0370370370370348,-0.7142857142857143,-0.015820698747528,4,-0.1521739130434782,-0.2857142857142857,0.0909090909090909,0.2222222222222222,1.6094361736734075,6,1,0,0,0,0,1,0,0,1,0,1,0
84,mitsubishi,gas,turbo,4.0,sedan,fwd,front,-0.0886075949367091,-0.0479041916167654,-0.0370370370370348,-0.7142857142857143,-0.018457481872116,4,0.4565217391304347,0.4285714285714285,-0.0909090909090909,0.0,1.6098910118295386,6,1,1,0,0,0,1,0,0,1,0,1,0
85,mitsubishi,gas,std,4.0,sedan,fwd,front,-0.0886075949367091,-0.0479041916167654,-0.0370370370370348,-0.7142857142857143,-0.018457481872116,4,0.4565217391304347,0.4285714285714285,-0.0909090909090909,0.0,1.6098910118295386,6,1,0,0,0,0,1,0,0,1,0,1,0
86,nissan,gas,std,2.0,sedan,fwd,front,-0.3164556962025314,-0.4730538922155678,-0.62962962962963,0.1142857142857138,-0.6961107448912327,4,-0.5652173913043478,0.0,0.6363636363636364,0.7777777777777778,1.6077280438325217,5,1,0,0,0,0,1,0,0,1,0,1,0
87,nissan,diesel,std,2.0,sedan,fwd,front,-0.3164556962025314,-0.4730538922155678,-0.62962962962963,0.1142857142857138,-0.5273566249176005,4,-0.8695652173913043,-0.5714285714285714,1.9090909090909087,2.2222222222222223,1.608871300801595,5,0,0,0,0,0,1,0,0,1,0,1,0
88,nissan,gas,std,2.0,sedan,fwd,front,-0.3164556962025314,-0.4730538922155678,-0.62962962962963,0.1142857142857138,-0.6578773895847067,4,-0.5652173913043478,0.0,0.6363636363636364,0.7777777777777778,1.6085951444506044,5,1,0,0,0,0,1,0,0,1,0,1,0
89,nissan,gas,std,4.0,sedan,fwd,front,-0.3164556962025314,-0.4730538922155678,-0.62962962962963,0.1142857142857138,-0.6315095583388266,4,-0.5652173913043478,0.0,0.6363636363636364,0.7777777777777778,1.6087215058399202,5,1,0,0,0,0,1,0,0,1,0,1,0
90,nissan,gas,std,4.0,wagon,fwd,front,-0.3164556962025314,-0.1796407185628743,-0.62962962962963,-0.1714285714285718,-0.5181278839815425,4,-0.5652173913043478,0.0,0.6363636363636364,0.7777777777777778,1.609012791154346,5,1,0,0,0,0,0,1,0,1,0,1,0
91,nissan,gas,std,2.0,sedan,fwd,front,-0.3164556962025314,-0.4730538922155678,-0.62962962962963,0.1142857142857138,-0.6143704680290046,4,-0.5652173913043478,0.0,0.6363636363636364,0.7777777777777778,1.6089851215987063,5,1,0,0,0,0,1,0,0,1,0,1,0
92,nissan,gas,std,2.0,hatchback,fwd,front,-0.3164556962025314,-0.4550898203592814,-0.62962962962963,-0.2285714285714297,-0.5128543177323666,4,-0.5652173913043478,0.0,0.6363636363636364,0.7777777777777778,1.6092487912534812,5,1,0,0,0,1,0,0,0,1,0,1,0
93,nissan,gas,std,4.0,sedan,fwd,front,-0.3164556962025314,-0.4730538922155678,-0.62962962962963,0.1142857142857138,-0.5880026367831246,4,-0.5652173913043478,0.0,0.6363636363636364,0.7777777777777778,1.6090940023614693,5,1,0,0,0,0,1,0,0,1,0,1,0
94,nissan,gas,std,4.0,wagon,fwd,front,-0.3164556962025314,-0.1796407185628743,-0.62962962962963,-0.1714285714285718,-0.5009887936717206,4,-0.5652173913043478,0.0,0.6363636363636364,0.7777777777777778,1.609346732713211,5,1,0,0,0,0,0,1,0,1,0,1,0
95,nissan,gas,std,2.0,hardtop,fwd,front,-0.2405063291139246,-0.6467065868263467,-0.62962962962963,-0.2285714285714297,-0.5392221489782465,4,-0.5652173913043478,0.0,0.6363636363636364,0.7777777777777778,1.6094637235905684,5,1,0,0,1,0,0,0,0,1,0,1,0
96,nissan,gas,std,4.0,hatchback,fwd,front,0.0253164556962028,0.0119760479041926,-0.1111111111111099,0.1714285714285718,-0.1226104152933421,4,0.0434782608695652,0.0,0.2727272727272727,0.4444444444444444,1.6097628073570438,5,1,0,0,0,1,0,0,0,1,0,1,0
97,nissan,gas,std,4.0,sedan,fwd,front,0.0253164556962028,0.0119760479041926,-0.1111111111111099,0.1714285714285718,-0.1516150296638101,4,0.0434782608695652,0.0,0.2727272727272727,0.4444444444444444,1.6099905395847058,5,1,0,0,0,0,1,0,0,1,0,1,0
98,nissan,gas,std,4.0,sedan,fwd,front,0.4303797468354434,0.5089820359281441,0.3703703703703699,0.2857142857142857,0.8938694792353329,6,1.2391304347826086,0.0,-0.6363636363636364,-0.8888888888888888,1.611062219535276,5,1,0,0,0,0,1,0,0,1,0,1,0
99,nissan,gas,std,4.0,wagon,fwd,front,0.4303797468354434,0.682634730538923,0.3703703703703699,0.5714285714285714,1.158866183256427,6,1.2391304347826086,0.0,-0.6363636363636364,-0.8888888888888888,1.6112378529187197,5,1,0,0,0,0,0,1,0,1,0,1,0
100,nissan,gas,std,4.0,sedan,fwd,front,0.4303797468354434,0.682634730538923,0.3703703703703699,0.2857142857142857,0.8477257745550428,6,1.2391304347826086,0.0,-0.4545454545454545,-0.5555555555555556,1.611062219535276,5,1,0,0,0,0,1,0,0,1,0,1,0
101,nissan,gas,std,2.0,hatchback,rwd,front,-0.721518987341772,-0.1497005988023953,0.8888888888888901,-1.257142857142857,0.8622280817402769,6,1.4130434782608696,0.0,-0.4545454545454545,-0.5555555555555556,1.6116866570412292,5,1,0,0,0,1,0,0,0,0,1,1,0
102,nissan,gas,turbo,2.0,hatchback,rwd,front,-0.721518987341772,-0.1497005988023953,0.8888888888888901,-1.257142857142857,0.951878707976269,6,2.282608695652174,0.0,-0.6363636363636364,-0.7777777777777778,1.611997688291465,5,1,1,0,0,1,0,0,0,0,1,1,0
103,nissan,gas,std,2.0,hatchback,rwd,front,0.278481012658228,0.3173652694610787,0.8888888888888901,-1.257142857142857,0.951878707976269,6,1.4130434782608696,0.0,-0.4545454545454545,-0.5555555555555556,1.6118444913725398,5,1,0,0,0,1,0,0,0,0,1,1,0
104,peugot,gas,std,4.0,sedan,rwd,front,1.3797468354430378,0.8083832335329347,1.074074074074075,0.7428571428571432,0.7949901120632828,4,0.0434782608695652,-0.2857142857142857,-0.4545454545454545,-0.6666666666666666,1.610698223815221,15,1,0,0,0,0,1,0,0,0,1,1,0
105,peugot,diesel,turbo,4.0,sedan,rwd,front,1.3797468354430378,0.8083832335329347,1.074074074074075,0.7428571428571432,1.028345418589321,4,0.0,-1.5,0.3636363636363636,0.3333333333333333,1.6109996098103672,15,0,1,0,0,0,1,0,0,0,1,1,0
106,peugot,gas,std,4.0,wagon,rwd,front,2.1772151898734164,1.5389221556886248,1.074074074074075,1.3142857142857147,1.071852340145023,4,0.0434782608695652,-0.2857142857142857,-0.4545454545454545,-0.6666666666666666,1.6108296006444816,15,1,0,0,0,0,0,1,0,0,1,1,0
107,peugot,diesel,turbo,4.0,wagon,rwd,front,2.1772151898734164,1.5389221556886248,1.074074074074075,1.3142857142857147,1.3355306526038233,4,0.0,-1.5,0.0909090909090909,-0.5555555555555556,1.6111348841627038,15,0,1,0,0,0,0,1,0,0,1,1,0
108,peugot,gas,std,4.0,sedan,rwd,front,1.3797468354430378,0.8083832335329347,1.074074074074075,0.7428571428571432,0.8675016479894528,4,0.0,-0.2857142857142857,-0.4545454545454545,-0.6666666666666666,1.611443057870935,15,1,0,0,0,0,1,0,0,0,1,1,0
109,peugot,diesel,turbo,4.0,sedan,rwd,front,1.3797468354430378,0.8083832335329347,1.074074074074075,0.7428571428571432,1.1008569545154911,4,0.0,-1.5,0.3636363636363636,0.3333333333333333,1.611644524745672,15,0,1,0,0,0,1,0,0,0,1,1,0
110,peugot,gas,std,4.0,wagon,rwd,front,2.1772151898734164,1.5389221556886248,1.074074074074075,0.7428571428571432,1.1443638760711932,4,0.0,-0.2857142857142857,-0.4545454545454545,-0.6666666666666666,1.6116149340211157,15,1,0,0,0,0,0,1,0,0,1,1,0
111,peugot,diesel,turbo,4.0,wagon,rwd,front,2.1772151898734164,1.5389221556886248,1.074074074074075,1.3142857142857147,1.4080421885299934,4,0.0,-1.5,0.0909090909090909,-0.5555555555555556,1.6116693291069972,15,0,1,0,0,0,0,1,0,0,1,1,0
112,peugot,gas,std,4.0,sedan,rwd,front,1.3797468354430378,0.8083832335329347,1.074074074074075,0.7428571428571432,0.8675016479894528,4,0.0434782608695652,-0.2857142857142857,-0.4545454545454545,-0.6666666666666666,1.6116054284427077,15,1,0,0,0,0,1,0,0,0,1,1,0
113,peugot,diesel,turbo,4.0,sedan,rwd,front,1.3797468354430378,0.8083832335329347,1.074074074074075,0.7428571428571432,1.1008569545154911,4,0.0,-1.5,0.3636363636363636,0.3333333333333333,1.611787437473768,15,0,1,0,0,0,1,0,0,0,1,1,0
114,peugot,gas,turbo,4.0,sedan,rwd,front,1.3924050632911382,0.8083832335329347,1.037037037037035,0.5428571428571425,0.9400131839156228,4,1.0217391304347827,0.5714285714285714,-0.5454545454545454,-0.6666666666666666,1.611813133423322,15,1,1,0,0,0,1,0,0,0,1,1,0
115,plymouth,gas,std,2.0,hatchback,fwd,front,-0.4177215189873411,-0.9520958083832328,-0.62962962962963,-0.942857142857144,-0.6578773895847067,4,-0.5869565217391305,0.4285714285714285,1.181818181818182,1.2222222222222223,1.6077916090663136,3,1,0,0,0,1,0,0,0,1,0,1,0
116,plymouth,gas,turbo,2.0,hatchback,fwd,front,-0.4177215189873411,-0.9520958083832328,-0.62962962962963,-0.942857142857144,-0.3810151615029664,4,0.1521739130434782,0.4285714285714285,0.0,0.0,1.609326495920713,3,1,1,0,0,1,0,0,0,1,0,1,0
117,plymouth,gas,std,4.0,hatchback,fwd,front,-0.4177215189873411,-0.9520958083832328,-0.62962962962963,-1.0,-0.5932762030323006,4,-0.5869565217391305,0.4285714285714285,0.6363636363636364,0.8888888888888888,1.608308624926995,3,1,0,0,0,1,0,0,0,1,0,1,0
118,plymouth,gas,std,4.0,sedan,fwd,front,-0.4177215189873411,-0.3532934131736516,-0.62962962962963,-0.942857142857144,-0.5642715886618326,4,-0.5869565217391305,0.4285714285714285,0.6363636363636364,0.8888888888888888,1.6086228275545134,3,1,0,0,0,0,1,0,0,1,0,1,0
119,plymouth,gas,std,4.0,sedan,fwd,front,-0.4177215189873411,-0.3532934131736516,-0.62962962962963,-0.942857142857144,-0.2979564930784443,4,-0.5869565217391305,0.4285714285714285,0.6363636363636364,0.8888888888888888,1.609151904789938,3,1,0,0,0,0,1,0,0,1,0,1,0
120,plymouth,gas,std,4.0,wagon,fwd,front,0.7974683544303788,0.0838323353293417,-0.3333333333333351,1.6285714285714274,0.1555702043506921,4,-0.1521739130434782,-0.2857142857142857,0.0,0.0,1.6097515769858337,3,1,0,0,0,0,0,1,0,1,0,1,0
121,plymouth,gas,turbo,2.0,hatchback,rwd,front,-0.1392405063291131,0.0,0.2962962962962949,-1.114285714285714,0.5286750164798946,4,1.0869565217391304,-0.2857142857142857,-0.4545454545454545,-0.6666666666666666,1.6109040813541655,3,1,1,0,0,1,0,0,0,0,1,1,0
122,porsche,gas,std,2.0,hatchback,rwd,front,-0.3164556962025314,-0.2574850299401189,1.037037037037035,-1.114285714285714,0.4759393539881345,4,1.0434782608695652,0.4285714285714285,-0.4545454545454545,-0.3333333333333333,1.6122339503688232,20,1,0,0,0,1,0,0,0,0,1,1,0
123,porsche,gas,std,2.0,hardtop,rwd,rear,-0.9493670886075942,-0.2574850299401189,-0.1851851851851849,-0.7142857142857143,0.4469347396176664,6,2.4347826086956523,1.0,-0.6363636363636364,-0.5555555555555556,1.6129448677169549,20,1,0,0,1,0,0,0,0,0,1,0,1
124,porsche,gas,std,2.0,hardtop,rwd,rear,-0.9493670886075942,-0.2574850299401189,-0.1851851851851849,-0.7142857142857143,0.4469347396176664,6,2.4347826086956523,1.0,-0.6363636363636364,-0.5555555555555556,1.613016472224885,20,1,0,0,1,0,0,0,0,0,1,0,1
125,porsche,gas,std,2.0,convertible,rwd,rear,-0.9493670886075942,-0.2574850299401189,-0.1851851851851849,-0.7142857142857143,0.5049439683586026,6,2.4347826086956523,1.0,-0.6363636363636364,-0.5555555555555556,1.6131454042694684,20,1,0,1,0,0,0,0,0,0,1,0,1
126,renault,gas,std,4.0,wagon,fwd,front,-0.113924050632912,0.4970059880239531,0.3703703703703699,0.3142857142857146,0.2135794330916282,4,0.0,0.0,-0.0909090909090909,0.1111111111111111,1.60989704002773,9,1,0,0,0,0,0,1,0,1,0,1,0
127,renault,gas,std,2.0,hatchback,fwd,front,-0.113924050632912,0.2155688622754506,0.4074074074074049,-1.028571428571429,0.056690837178642,4,0.0,0.0,-0.0909090909090909,0.1111111111111111,1.6101116147024994,9,1,0,0,0,1,0,0,0,1,0,1,0
128,saab,gas,std,2.0,hatchback,fwd,front,0.2658227848101256,0.8023952095808392,0.3703703703703699,0.5714285714285714,0.3177323665128543,4,0.3260869565217391,0.0714285714285714,-0.2727272727272727,-0.2222222222222222,1.610685570662609,12,1,0,0,0,1,0,0,0,1,0,1,0
129,saab,gas,std,4.0,sedan,fwd,front,0.2658227848101256,0.8023952095808392,0.3703703703703699,0.5714285714285714,0.3665128543177323,4,0.3260869565217391,0.0714285714285714,-0.2727272727272727,-0.2222222222222222,1.6107650919872245,12,1,0,0,0,0,1,0,0,1,0,1,0
130,saab,gas,std,2.0,hatchback,fwd,front,0.2658227848101256,0.8023952095808392,0.3703703703703699,0.5714285714285714,0.3823335530652604,4,0.3260869565217391,0.0714285714285714,-0.2727272727272727,-0.2222222222222222,1.6113524689251444,12,1,0,0,0,1,0,0,0,1,0,1,0
131,saab,gas,std,4.0,sedan,fwd,front,0.2658227848101256,0.8023952095808392,0.3703703703703699,0.5714285714285714,0.4495715227422544,4,0.3260869565217391,0.0714285714285714,-0.2727272727272727,-0.2222222222222222,1.6114316033977734,12,1,0,0,0,0,1,0,0,1,0,1,0
132,saab,gas,turbo,2.0,hatchback,fwd,front,0.2658227848101256,0.8023952095808392,0.3703703703703699,0.5714285714285714,0.5154911008569545,4,1.4130434782608696,0.4285714285714285,-0.4545454545454545,-0.4444444444444444,1.611813133423322,12,1,1,0,0,1,0,0,0,1,0,1,0
133,saab,gas,turbo,4.0,sedan,fwd,front,0.2658227848101256,0.8023952095808392,0.3703703703703699,0.5714285714285714,0.5669083717864206,4,1.4130434782608696,0.4285714285714285,-0.4545454545454545,-0.4444444444444444,1.6118717530907267,12,1,1,0,0,0,1,0,0,1,0,1,0
134,subaru,gas,std,2.0,hatchback,fwd,front,-0.4177215189873411,-0.9760479041916164,-0.7777777777777775,-0.1142857142857138,-0.4838497033618985,4,-0.5652173913043478,-0.4285714285714285,0.6363636363636364,0.6666666666666666,1.607372702926197,4,1,0,0,0,1,0,0,0,1,0,1,0
135,subaru,gas,std,2.0,hatchback,fwd,front,-0.4177215189873411,-0.9161676646706582,-0.7037037037037024,-0.1142857142857138,-0.3915622940013183,4,-0.4782608695652174,-1.1428571428571428,0.1818181818181818,0.1111111111111111,1.608844384801006,4,1,0,0,0,1,0,0,0,1,0,1,0
136,subaru,gas,std,2.0,hatchback,4wd,front,-0.4683544303797468,-0.9520958083832328,-0.62962962962963,0.4571428571428576,-0.2333553065260382,4,-0.4782608695652174,-1.1428571428571428,0.1818181818181818,0.1111111111111111,1.6091487814761931,4,1,0,0,0,1,0,0,1,0,0,1,0
137,subaru,gas,std,4.0,sedan,fwd,front,0.0253164556962028,-0.071856287425149,-0.0370370370370348,-0.4571428571428576,-0.3586025049439683,4,-0.2826086956521739,-0.5714285714285714,0.7272727272727273,0.7777777777777778,1.6088869681959257,4,1,0,0,0,0,1,0,0,1,0,1,0
138,subaru,gas,std,4.0,sedan,fwd,front,0.0253164556962028,-0.071856287425149,-0.0370370370370348,-0.4571428571428576,-0.2992748846407383,4,-0.2826086956521739,-1.1428571428571428,0.3636363636363636,0.3333333333333333,1.6092367647272112,4,1,0,0,0,0,1,0,0,1,0,1,0
139,subaru,gas,std,4.0,sedan,fwd,front,0.0253164556962028,-0.071856287425149,-0.0370370370370348,-0.4571428571428576,-0.1015161502966381,4,-0.0217391304347826,0.0,0.1818181818181818,0.2222222222222222,1.6101335979036528,4,1,0,0,0,0,1,0,0,1,0,1,0
140,subaru,gas,std,4.0,sedan,4wd,front,0.0,-0.071856287425149,-0.0370370370370348,0.0571428571428559,-0.042188529993408,4,-0.2826086956521739,-0.5714285714285714,0.0,-0.5555555555555556,1.609873586621701,4,1,0,0,0,0,1,0,1,0,0,1,0
141,subaru,gas,turbo,4.0,sedan,4wd,front,0.0,-0.071856287425149,-0.0370370370370348,0.0571428571428559,0.1226104152933421,4,0.3478260869565217,-0.5714285714285714,0.0,-0.1111111111111111,1.6105291647406892,4,1,1,0,0,0,1,0,1,0,0,1,0
142,subaru,gas,std,4.0,wagon,fwd,front,0.0,0.0179640718562881,-0.0370370370370348,-0.3142857142857146,-0.1674357284113381,4,-0.2826086956521739,-0.5714285714285714,0.3636363636363636,0.2222222222222222,1.6090747528421103,4,1,0,0,0,0,0,1,0,1,0,1,0
143,subaru,gas,std,4.0,wagon,fwd,front,0.0,0.0179640718562881,-0.0370370370370348,-0.3142857142857146,0.050098879367172,4,-0.0217391304347826,0.0,0.0909090909090909,0.1111111111111111,1.6102121477018418,4,1,0,0,0,0,0,1,0,1,0,1,0
144,subaru,gas,std,4.0,wagon,4wd,front,-0.0126582278481005,0.0239520958083835,-0.0370370370370348,0.2285714285714277,0.003955174686882,4,-0.2826086956521739,-0.5714285714285714,-0.0909090909090909,-0.1111111111111111,1.609353440127914,4,1,0,0,0,0,0,1,1,0,0,1,0
145,subaru,gas,turbo,4.0,wagon,4wd,front,-0.0126582278481005,0.0239520958083835,-0.0370370370370348,0.2285714285714277,0.3071852340145023,4,0.3478260869565217,-0.5714285714285714,-0.0909090909090909,-0.7777777777777778,1.610645530976239,4,1,1,0,0,0,0,1,1,0,0,1,0
146,toyota,gas,std,2.0,hatchback,fwd,front,-0.1645569620253159,-0.8682634730538928,-0.7037037037037024,0.1142857142857138,-0.5695451549110085,4,-0.717391304347826,-0.5714285714285714,1.0,1.0,1.6075921211464057,8,1,0,0,0,1,0,0,0,1,0,1,0
147,toyota,gas,std,2.0,hatchback,fwd,front,-0.1645569620253159,-0.8682634730538928,-0.7037037037037024,0.1142857142857138,-0.4970336189848385,4,-0.717391304347826,-0.5714285714285714,0.6363636363636364,0.8888888888888888,1.608385931488758,8,1,0,0,0,1,0,0,0,1,0,1,0
148,toyota,gas,std,4.0,hatchback,fwd,front,-0.1645569620253159,-0.8682634730538928,-0.7037037037037024,0.1142857142857138,-0.5299934080421885,4,-0.717391304347826,-0.5714285714285714,0.6363636363636364,0.8888888888888888,1.60848886491113,8,1,0,0,0,1,0,0,0,1,0,1,0
149,toyota,gas,std,4.0,wagon,fwd,front,-0.1645569620253159,-0.2095808383233534,-0.7037037037037024,1.4285714285714286,-0.1806196440342782,4,-0.717391304347826,-0.5714285714285714,0.6363636363636364,0.7777777777777778,1.6087637239982997,8,1,0,0,0,0,0,1,0,1,0,1,0
150,toyota,gas,std,4.0,wagon,4wd,front,-0.1645569620253159,-0.2095808383233534,-0.7037037037037024,1.4285714285714286,-0.1674357284113381,4,-0.717391304347826,-0.5714285714285714,0.2727272727272727,0.2222222222222222,1.609297774142049,8,1,0,0,0,0,0,1,1,0,0,1,0
151,toyota,gas,std,4.0,wagon,4wd,front,-0.1645569620253159,-0.2095808383233534,-0.7037037037037024,1.4285714285714286,0.9136453526697428,4,-0.717391304347826,-0.5714285714285714,0.2727272727272727,0.2222222222222222,1.609693319465304,8,1,0,0,0,0,0,1,1,0,0,1,0
152,toyota,gas,std,4.0,sedan,fwd,front,-0.1645569620253159,-0.4131736526946097,-0.4074074074074049,-0.3142857142857146,-0.4429795649307844,4,-0.5434782608695652,-0.5714285714285714,0.5454545454545454,0.7777777777777778,1.6087758339465672,8,1,0,0,0,0,1,0,0,1,0,1,0
153,toyota,gas,std,4.0,hatchback,fwd,front,-0.1645569620253159,-0.4131736526946097,-0.4074074074074049,-0.3714285714285726,-0.4060646011865524,4,-0.5434782608695652,-0.5714285714285714,0.5454545454545454,0.7777777777777778,1.6089282820499542,8,1,0,0,0,1,0,0,0,1,0,1,0
154,toyota,diesel,std,4.0,sedan,fwd,front,-0.1645569620253159,-0.4131736526946097,-0.4074074074074049,-0.3142857142857146,-0.1872116018457482,4,-0.8478260869565217,-1.0,0.9090909090909092,0.6666666666666666,1.609297774142049,8,0,0,0,0,0,1,0,0,1,0,1,0
155,toyota,diesel,std,4.0,hatchback,fwd,front,-0.1645569620253159,-0.4131736526946097,-0.4074074074074049,-0.3714285714285726,-0.1872116018457482,4,-0.8478260869565217,-1.0,1.2727272727272727,1.8888888888888888,1.609243286543942,8,0,0,0,0,1,0,0,0,1,0,1,0
156,toyota,gas,std,4.0,sedan,fwd,front,-0.1645569620253159,-0.4131736526946097,-0.4074074074074049,-0.3142857142857146,-0.4258404746209624,4,-0.5434782608695652,-0.5714285714285714,1.2727272727272727,1.8888888888888888,1.6092181056111223,8,1,0,0,0,0,1,0,0,1,0,1,0
157,toyota,gas,std,4.0,hatchback,fwd,front,-0.1645569620253159,-0.4131736526946097,-0.4074074074074049,-0.3714285714285726,-0.3889255108767304,4,-0.5434782608695652,-0.5714285714285714,0.3636363636363636,0.4444444444444444,1.6095129516600517,8,1,0,0,0,1,0,0,0,1,0,1,0
158,toyota,gas,std,4.0,sedan,fwd,front,-0.1645569620253159,-0.4131736526946097,-0.4074074074074049,-0.3714285714285726,-0.3651944627554384,4,-0.5434782608695652,-0.5714285714285714,0.3636363636363636,0.4444444444444444,1.6098830742328627,8,1,0,0,0,0,1,0,0,1,0,1,0
159,toyota,gas,std,2.0,sedan,rwd,front,-0.3164556962025314,-0.2694610778443115,-0.555555555555555,-0.4285714285714285,-0.3269611074489123,4,-0.5434782608695652,-0.5714285714285714,0.4545454545454545,0.4444444444444444,1.6093748717859466,8,1,0,0,0,0,1,0,0,0,1,1,0
160,toyota,gas,std,2.0,hatchback,rwd,front,-0.3164556962025314,-0.2694610778443115,-0.555555555555555,-0.4285714285714285,-0.2808174027686222,4,-0.5434782608695652,-0.5714285714285714,0.4545454545454545,0.4444444444444444,1.6094586970987614,8,1,0,0,0,1,0,0,0,0,1,1,0
161,toyota,gas,std,2.0,sedan,rwd,front,-0.3164556962025314,-0.2694610778443115,-0.555555555555555,-0.4285714285714285,-0.2003955174686882,4,0.3695652173913043,2.0,0.1818181818181818,-0.1111111111111111,1.6098981684449358,8,1,0,0,0,0,1,0,0,0,1,1,0
162,toyota,gas,std,2.0,hatchback,rwd,front,-0.3164556962025314,-0.2694610778443115,-0.555555555555555,-0.4285714285714285,-0.1542518127883981,4,0.3695652173913043,2.0,0.1818181818181818,-0.1111111111111111,1.6099865740305348,8,1,0,0,0,1,0,0,0,0,1,1,0
163,toyota,gas,std,2.0,hardtop,rwd,front,0.1772151898734183,0.1796407185628743,0.0370370370370348,-0.6000000000000004,0.1621621621621621,4,0.4565217391304347,-0.5714285714285714,0.0,0.0,1.6095532610612024,8,1,0,0,1,0,0,0,0,0,1,1,0
164,toyota,gas,std,2.0,hardtop,rwd,front,0.1772151898734183,0.1796407185628743,0.0370370370370348,-0.6000000000000004,0.1568885959129861,4,0.4565217391304347,-0.5714285714285714,0.0,0.0,1.6100227094755932,8,1,0,0,1,0,0,0,0,0,1,1,0
165,toyota,gas,std,2.0,hatchback,rwd,front,0.1772151898734183,0.1796407185628743,0.0370370370370348,-0.6000000000000004,0.1766644693473961,4,0.4565217391304347,-0.5714285714285714,0.0,0.0,1.6101433310220972,8,1,0,0,0,1,0,0,0,0,1,1,0
166,toyota,gas,std,2.0,hardtop,rwd,front,0.1772151898734183,0.1796407185628743,0.0370370370370348,-0.6000000000000004,0.3454185893210283,4,0.4565217391304347,-0.5714285714285714,0.0,0.0,1.610512541714614,8,1,0,0,1,0,0,0,0,0,1,1,0
167,toyota,gas,std,2.0,hatchback,rwd,front,0.1772151898734183,0.1796407185628743,0.0370370370370348,-0.6000000000000004,0.3915622940013183,4,0.4565217391304347,-0.5714285714285714,0.0,0.0,1.6106075313311703,8,1,0,0,0,1,0,0,0,0,1,1,0
168,toyota,gas,std,2.0,convertible,rwd,front,0.1772151898734183,0.1796407185628743,0.0370370370370348,-0.3142857142857146,0.7356624917600527,4,0.4565217391304347,-0.5714285714285714,0.0,0.0,1.6117505412394972,8,1,0,1,0,0,0,0,0,0,1,1,0
169,toyota,gas,std,4.0,sedan,fwd,front,0.6835443037974686,0.1437125748502998,0.3703703703703699,0.2285714285714277,-0.1199736321687541,4,-0.0652173913043478,-1.4285714285714286,0.4545454545454545,0.4444444444444444,1.6097624072522247,8,1,0,0,0,0,1,0,0,1,0,1,0
170,toyota,diesel,turbo,4.0,sedan,fwd,front,0.6835443037974686,0.1437125748502998,0.3703703703703699,0.2285714285714277,0.083058668424522,4,-0.4782608695652174,-1.0,0.5454545454545454,0.3333333333333333,1.6103678838692768,8,0,1,0,0,0,1,0,0,1,0,1,0
171,toyota,gas,std,4.0,hatchback,fwd,front,0.6835443037974686,0.1437125748502998,0.3703703703703699,-0.0571428571428579,-0.003955174686882,4,-0.0652173913043478,-1.4285714285714286,0.2727272727272727,0.2222222222222222,1.6101429961590883,8,1,0,0,0,1,0,0,0,1,0,1,0
172,toyota,gas,std,4.0,sedan,fwd,front,0.6835443037974686,0.1437125748502998,0.3703703703703699,0.2285714285714277,-0.003955174686882,4,-0.0652173913043478,-1.4285714285714286,0.2727272727272727,0.2222222222222222,1.6104269219306833,8,1,0,0,0,0,1,0,0,1,0,1,0
173,toyota,gas,std,4.0,hatchback,fwd,front,0.6835443037974686,0.1437125748502998,0.3703703703703699,-0.0571428571428579,0.054054054054054,4,-0.0652173913043478,-1.4285714285714286,0.2727272727272727,0.2222222222222222,1.6105261279351726,8,1,0,0,0,1,0,0,0,1,0,1,0
174,toyota,gas,std,2.0,hatchback,rwd,front,0.7468354430379749,0.6167664670658694,0.814814814814815,-0.6000000000000004,0.7369808833223468,6,1.434782608695652,0.0,-0.3636363636363636,-0.6666666666666666,1.6115948287212156,8,1,0,0,0,1,0,0,0,0,1,1,0
175,toyota,gas,std,2.0,hatchback,rwd,front,0.7468354430379749,0.6167664670658694,0.814814814814815,-0.6000000000000004,0.7897165458141068,6,1.434782608695652,0.0,-0.4545454545454545,-0.6666666666666666,1.6115097623401584,8,1,0,0,0,1,0,0,0,0,1,1,0
176,toyota,gas,std,4.0,sedan,rwd,front,0.9493670886075942,0.87425149700599,0.3703703703703699,0.0,0.9413315754779168,6,1.326086956521739,0.0,-0.3636363636363636,-0.6666666666666666,1.611460890400464,8,1,0,0,0,0,1,0,0,0,1,1,0
177,toyota,gas,std,4.0,wagon,rwd,front,0.9493670886075942,0.87425149700599,0.3703703703703699,0.0,0.967699406723797,6,1.326086956521739,0.0,-0.4545454545454545,-0.6666666666666666,1.6114705321685885,8,1,0,0,0,0,0,1,0,0,1,1,0
178,volkswagen,diesel,std,2.0,sedan,fwd,front,0.0379746835443034,-0.0898203592814371,0.0,0.4571428571428576,-0.2056690837178642,4,-0.9347826086956522,-0.5714285714285714,1.181818181818182,1.7777777777777777,1.6092367647272112,10,0,0,0,0,0,1,0,0,1,0,1,0
179,volkswagen,gas,std,2.0,sedan,fwd,front,0.0379746835443034,-0.0898203592814371,0.0,0.4571428571428576,-0.2742254449571523,4,-0.217391304347826,0.0714285714285714,0.2727272727272727,0.4444444444444444,1.6093351899587869,10,1,0,0,0,0,1,0,0,1,0,1,0
180,volkswagen,diesel,std,4.0,sedan,fwd,front,0.0379746835443034,-0.0898203592814371,0.0,0.4571428571428576,-0.2017139090309822,4,-0.9347826086956522,-0.5714285714285714,1.181818181818182,1.7777777777777777,1.6093448128169776,10,0,0,0,0,0,1,0,0,1,0,1,0
181,volkswagen,gas,std,4.0,sedan,fwd,front,0.0379746835443034,-0.0898203592814371,0.0,0.4571428571428576,-0.2702702702702703,4,-0.217391304347826,0.0714285714285714,0.2727272727272727,0.4444444444444444,1.6094389433549658,10,1,0,0,0,0,1,0,0,1,0,1,0
182,volkswagen,gas,std,4.0,sedan,fwd,front,0.0379746835443034,-0.0898203592814371,0.0,0.4571428571428576,-0.1872116018457482,4,-0.217391304347826,0.0714285714285714,0.2727272727272727,0.4444444444444444,1.6095733708691933,10,1,0,0,0,0,1,0,0,1,0,1,0
183,volkswagen,diesel,turbo,4.0,sedan,fwd,front,0.0379746835443034,-0.0898203592814371,0.0,0.4571428571428576,-0.1292023731048121,4,-0.5869565217391305,-1.0,1.181818181818182,1.3333333333333333,1.6099710009989825,10,0,1,0,0,0,1,0,0,1,0,1,0
184,volkswagen,gas,std,4.0,sedan,fwd,front,0.0379746835443034,-0.0898203592814371,0.0,0.4571428571428576,-0.1542518127883981,4,0.108695652173913,0.4285714285714285,0.1818181818181818,0.2222222222222222,1.6101453390609957,10,1,0,0,0,0,1,0,0,1,0,1,0
185,volkswagen,gas,std,2.0,convertible,fwd,front,-0.3164556962025314,-0.8323353293413166,-0.4814814814814799,0.4285714285714285,-0.2148978246539222,4,-0.108695652173913,0.4285714285714285,0.0,-0.1111111111111111,1.6106196696866106,10,1,0,1,0,0,0,0,0,1,0,1,0
186,volkswagen,gas,std,2.0,hatchback,fwd,front,-0.3164556962025314,-0.4491017964071859,-0.555555555555555,-0.7714285714285722,-0.2584047462096243,4,-0.108695652173913,0.4285714285714285,0.0,-0.1111111111111111,1.6101403152996203,10,1,0,0,0,1,0,0,0,1,0,1,0
187,volkswagen,gas,std,4.0,sedan,fwd,front,0.4303797468354434,0.4191616766467069,0.51851851851852,0.2857142857142857,0.3216875411997363,5,0.3260869565217391,0.4285714285714285,-0.4545454545454545,-0.6666666666666666,1.6110197494929366,10,1,0,0,0,0,1,0,0,1,0,1,0
188,volkswagen,diesel,turbo,4.0,sedan,fwd,front,0.4303797468354434,0.4191616766467069,0.51851851851852,0.2857142857142857,0.2135794330916282,4,-0.5869565217391305,-1.0,0.8181818181818182,0.8888888888888888,1.6111319260314392,10,0,1,0,0,0,1,0,0,1,0,1,0
189,volkswagen,gas,std,4.0,wagon,fwd,front,0.4303797468354434,0.5928143712574858,0.51851851851852,0.2857142857142857,0.1924851680949242,4,-0.1521739130434782,0.4285714285714285,0.0909090909090909,0.1111111111111111,1.6107940457221803,10,1,0,0,0,0,0,1,0,1,0,1,0
190,volvo,gas,std,4.0,sedan,rwd,front,0.9240506329113912,0.934131736526948,0.62962962962963,0.6000000000000004,0.6526038233355307,4,0.4130434782608695,0.2857142857142857,-0.0909090909090909,-0.2222222222222222,1.6109432702633506,17,1,0,0,0,0,1,0,0,0,1,1,0
191,volvo,gas,std,4.0,wagon,rwd,front,0.9240506329113912,0.934131736526948,0.62962962962963,0.971428571428571,0.8134475939353988,4,0.4130434782608695,0.2857142857142857,-0.0909090909090909,-0.2222222222222222,1.6110448585226125,17,1,0,0,0,0,0,1,0,0,1,1,0
192,volvo,gas,std,4.0,sedan,rwd,front,0.9240506329113912,0.934131736526948,0.62962962962963,0.6000000000000004,0.6829268292682927,4,0.4130434782608695,0.2857142857142857,0.0,-0.2222222222222222,1.61150773041423,17,1,0,0,0,0,1,0,0,0,1,1,0
193,volvo,gas,std,4.0,wagon,rwd,front,0.9240506329113912,0.934131736526948,0.62962962962963,0.971428571428571,0.8239947264337508,4,0.4130434782608695,0.2857142857142857,0.0,-0.2222222222222222,1.6115884626705157,17,1,0,0,0,0,0,1,0,0,1,1,0
194,volvo,gas,turbo,4.0,sedan,rwd,front,0.9240506329113912,0.934131736526948,0.62962962962963,0.6000000000000004,0.8279499011206328,4,1.4565217391304348,-0.1428571428571428,-0.6363636363636364,-0.8888888888888888,1.6118471046070448,17,1,1,0,0,0,1,0,0,0,1,1,0
195,volvo,gas,turbo,4.0,wagon,rwd,front,0.9240506329113912,0.934131736526948,0.62962962962963,0.971428571428571,0.975609756097561,4,1.4565217391304348,-0.1428571428571428,-0.6363636363636364,-0.8888888888888888,1.6119114996364692,17,1,1,0,0,0,0,1,0,0,1,1,0
196,volvo,gas,std,4.0,sedan,rwd,front,1.5316455696202511,0.934131736526948,1.25925925925926,0.3999999999999996,0.7053394858272907,4,0.4130434782608695,0.2857142857142857,-0.0909090909090909,-0.2222222222222222,1.6116366430180409,17,1,0,0,0,0,1,0,0,0,1,1,0
197,volvo,gas,turbo,4.0,sedan,rwd,front,1.5316455696202511,0.934131736526948,1.22222222222222,0.3999999999999996,0.8332234673698088,4,1.4130434782608696,0.1428571428571428,-0.4545454545454545,-0.5555555555555556,1.611922734767484,17,1,1,0,0,0,1,0,0,0,1,1,0
198,volvo,gas,std,4.0,sedan,rwd,front,1.5316455696202511,0.934131736526948,1.25925925925926,0.3999999999999996,0.7844429795649308,6,0.8478260869565217,0.4285714285714285,-0.5454545454545454,-0.7777777777777778,1.6121833164805777,17,1,0,0,0,0,1,0,0,0,1,1,0
199,volvo,diesel,turbo,4.0,sedan,rwd,front,1.5316455696202511,0.934131736526948,1.25925925925926,0.3999999999999996,1.054713249835201,6,0.2391304347826087,-0.5714285714285714,0.1818181818181818,-0.3333333333333333,1.6122753594529404,17,0,1,0,0,0,1,0,0,0,1,1,0
200,volvo,gas,turbo,4.0,sedan,rwd,front,1.5316455696202511,0.934131736526948,1.25925925925926,0.3999999999999996,0.8503625576796309,4,0.4130434782608695,0.2857142857142857,-0.4545454545454545,-0.5555555555555556,1.6122892504134818,17,1,1,0,0,0,1,0,0,0,1,1,0
201,volvo,gas,turbo,4.0,sedan,rwd,front,1.5316455696202511,0.934131736526948,1.25925925925926,0.3999999999999996,0.8503625576796309,4,0.4130434782608695,0.2857142857142857,-0.4545454545454545,-0.5555555555555556,1.6122892504134818,17,1,1,0,0,0,1,0,0,0,1,1,0
